{"cameraMode":{"drawMode":0,"name":"Shaded","section":"Shading Mode"},"sceneLighting":true,"audioPlay":false,"sceneViewState":{"m_AlwaysRefresh":false,"showFog":true,"showSkybox":true,"showFlares":true,"showImageEffects":true,"showParticleSystems":true,"showVisualEffectGraphs":true,"m_FxEnabled":true},"in2DMode":false,"pivot":{"x":120.78549194335938,"y":226.8602294921875,"z":-207.50299072265626},"rotation":{"x":0.000479267502669245,"y":-0.999527096748352,"z":-0.021183397620916368,"w":-0.022701747715473176},"size":589.07080078125,"orthographic":false}