{"cameraMode":{"drawMode":0,"name":"Shaded","section":"Shading Mode"},"sceneLighting":true,"audioPlay":false,"sceneViewState":{"m_AlwaysRefresh":false,"showFog":true,"showSkybox":false,"showFlares":true,"showImageEffects":true,"showParticleSystems":true,"showVisualEffectGraphs":true,"m_FxEnabled":true},"in2DMode":false,"pivot":{"x":-1.5519933700561524,"y":0.5999999046325684,"z":2.8259987831115724},"rotation":{"x":-0.0007272359798662365,"y":0.9992748498916626,"z":-0.025797029957175256,"w":-0.02818613313138485},"size":9.699484825134278,"orthographic":false}